epochs,loss,accu
0,0.66597146,0.21052631578947367
50,0.69417405,0.6842105263157895
100,0.7038739,0.7631578947368421
150,0.7065939,0.7631578947368421
200,0.7069169,0.7105263157894737
250,0.7067689,0.7105263157894737
300,0.706638,0.6842105263157895
350,0.706675,0.6842105263157895
400,0.70726144,0.6842105263157895
450,0.7074188,0.6842105263157895
500,0.70572376,0.7105263157894737
550,0.7021013,0.7368421052631579
600,0.6976259,0.7105263157894737
650,0.69130266,0.7105263157894737
700,0.68385994,0.7105263157894737
750,0.67508924,0.7105263157894737
800,0.6658142,0.7105263157894737
850,0.65647733,0.7105263157894737
900,0.6468106,0.7105263157894737
950,0.6379273,0.6842105263157895
1000,0.6293302,0.6842105263157895
1050,0.62109876,0.6842105263157895
1100,0.61376375,0.6578947368421053
1150,0.6072054,0.6578947368421053
1200,0.6006402,0.6578947368421053
1250,0.59442466,0.6578947368421053
1300,0.588035,0.6578947368421053
1350,0.58177125,0.6578947368421053
1400,0.5759115,0.6578947368421053
1450,0.5702138,0.6578947368421053
1500,0.56418735,0.6578947368421053
1550,0.5589313,0.6578947368421053
1600,0.55442625,0.631578947368421
1650,0.5503858,0.631578947368421
1700,0.54667354,0.6578947368421053
1750,0.5431775,0.6578947368421053
1800,0.5379131,0.6578947368421053
1850,0.5330345,0.6578947368421053
1900,0.5290261,0.6578947368421053
1950,0.52476215,0.631578947368421
2000,0.5207861,0.631578947368421
2050,0.5173517,0.631578947368421
2100,0.5141184,0.631578947368421
2150,0.5112941,0.631578947368421
2200,0.5078734,0.631578947368421
2250,0.5024678,0.631578947368421
2300,0.5000428,0.631578947368421
2350,0.4968018,0.631578947368421
2400,0.49387708,0.631578947368421
2450,0.49099705,0.631578947368421
2500,0.4862255,0.6578947368421053
2550,0.4826862,0.6578947368421053
2600,0.4791627,0.6578947368421053
2650,0.47571054,0.6578947368421053
2700,0.4720497,0.6578947368421053
2750,0.469051,0.6578947368421053
2800,0.46577263,0.6578947368421053
2850,0.46213335,0.6578947368421053
2900,0.4598323,0.6578947368421053
2950,0.45596546,0.6578947368421053
3000,0.4534662,0.6578947368421053
3050,0.4524167,0.6578947368421053
3100,0.4503764,0.6578947368421053
3150,0.44744334,0.6578947368421053
3200,0.445777,0.6578947368421053
3250,0.4434871,0.6578947368421053
3300,0.44090784,0.6578947368421053
3350,0.43857452,0.6578947368421053
3400,0.4365447,0.6578947368421053
3450,0.43425006,0.6578947368421053
3500,0.43203118,0.6052631578947368
3550,0.42990044,0.6052631578947368
3600,0.42732626,0.6052631578947368
3650,0.42436582,0.6052631578947368
3700,0.42294055,0.631578947368421
3750,0.42046311,0.631578947368421
3800,0.41721013,0.631578947368421
3850,0.41364515,0.631578947368421
3900,0.4120151,0.631578947368421
3950,0.40789708,0.631578947368421
4000,0.40615666,0.631578947368421
4050,0.40213808,0.631578947368421
4100,0.3997348,0.631578947368421
4150,0.39564055,0.631578947368421
4200,0.39202526,0.631578947368421
4250,0.38880634,0.631578947368421
4300,0.38459796,0.631578947368421
4350,0.38180146,0.631578947368421
4400,0.3776163,0.631578947368421
4450,0.37348285,0.631578947368421
4500,0.37052447,0.6578947368421053
4550,0.36761957,0.6578947368421053
4600,0.36430046,0.6578947368421053
4650,0.36084825,0.6578947368421053
4700,0.3564968,0.6578947368421053
4750,0.3526225,0.6578947368421053
4800,0.3497378,0.6578947368421053
4850,0.34650138,0.6578947368421053
4900,0.3421353,0.6578947368421053
4950,0.339606,0.6578947368421053
5000,0.33554468,0.6578947368421053
5050,0.33326063,0.6578947368421053
5100,0.32930997,0.6842105263157895
5150,0.32688707,0.6842105263157895
5200,0.32380947,0.6842105263157895
5250,0.32020697,0.6578947368421053
5300,0.3189276,0.6578947368421053
5350,0.31524694,0.6578947368421053
5400,0.31243008,0.6842105263157895
5450,0.30987602,0.6842105263157895
5500,0.3076059,0.6842105263157895
5550,0.30433446,0.6842105263157895
5600,0.30121443,0.6842105263157895
5650,0.29879156,0.6842105263157895
5700,0.29667127,0.6842105263157895
5750,0.293465,0.6842105263157895
5800,0.29159942,0.6842105263157895
5850,0.2892798,0.7105263157894737
5900,0.2871378,0.7105263157894737
5950,0.2854802,0.7105263157894737
6000,0.2832282,0.7105263157894737
6050,0.2801289,0.7105263157894737
6100,0.2789813,0.7105263157894737
6150,0.276412,0.7105263157894737
6200,0.27562276,0.7105263157894737
6250,0.27362227,0.7105263157894737
6300,0.2713672,0.7105263157894737
6350,0.26993752,0.7105263157894737
6400,0.26807472,0.7105263157894737
6450,0.2666498,0.7105263157894737
6500,0.26380375,0.7105263157894737
6550,0.2630016,0.7105263157894737
6600,0.26131105,0.7105263157894737
6650,0.25600967,0.7105263157894737
6700,0.25513428,0.7105263157894737
6750,0.25358546,0.7105263157894737
6800,0.2515738,0.7105263157894737
6850,0.25052208,0.7105263157894737
6900,0.2501918,0.7105263157894737
6950,0.24963495,0.7105263157894737
7000,0.246873,0.7105263157894737
7050,0.24571103,0.7105263157894737
7100,0.24380356,0.7105263157894737
7150,0.24409665,0.7105263157894737
7200,0.24096149,0.7105263157894737
7250,0.24027221,0.7105263157894737
7300,0.24017964,0.7105263157894737
7350,0.23776054,0.7105263157894737
7400,0.23626637,0.7105263157894737
7450,0.23585531,0.7105263157894737
7500,0.23444523,0.7105263157894737
7550,0.23407555,0.7105263157894737
7600,0.23371999,0.7105263157894737
7650,0.23203754,0.7105263157894737
7700,0.23079263,0.7105263157894737
7750,0.22955926,0.7105263157894737
7800,0.23034392,0.7105263157894737
7850,0.22792737,0.7105263157894737
7900,0.22883971,0.7105263157894737
7950,0.22632998,0.7105263157894737
8000,0.22563058,0.7105263157894737
8050,0.22464292,0.7105263157894737
8100,0.22230768,0.7105263157894737
8150,0.22152443,0.7105263157894737
8200,0.22002657,0.7105263157894737
8250,0.21885201,0.7105263157894737
8300,0.21792383,0.7368421052631579
8350,0.2185541,0.7368421052631579
8400,0.21549718,0.7368421052631579
8450,0.21532972,0.7368421052631579
8500,0.21371081,0.7368421052631579
8550,0.21164896,0.7368421052631579
8600,0.21167397,0.7368421052631579
8650,0.21133046,0.7368421052631579
8700,0.20998037,0.7368421052631579
8750,0.21033324,0.7105263157894737
8800,0.20765844,0.7368421052631579
8850,0.20766923,0.7368421052631579
8900,0.20511585,0.7368421052631579
8950,0.20578443,0.7368421052631579
9000,0.20400561,0.7105263157894737
9050,0.20416634,0.7105263157894737
9100,0.20222563,0.7105263157894737
9150,0.2005431,0.7368421052631579
9200,0.20146897,0.7105263157894737
9250,0.20011836,0.7368421052631579
9300,0.19728567,0.7368421052631579
9350,0.19478376,0.7105263157894737
9400,0.19650206,0.7105263157894737
9450,0.1956957,0.7105263157894737
9500,0.1950256,0.7105263157894737
9550,0.19252793,0.7105263157894737
9600,0.19080032,0.7368421052631579
9650,0.19119924,0.7105263157894737
9700,0.19132937,0.7368421052631579
9750,0.1877693,0.7368421052631579
9800,0.18742704,0.7368421052631579
9850,0.1879433,0.7368421052631579
9900,0.18544397,0.7631578947368421
9950,0.18562678,0.7631578947368421
10000,0.18505263,0.7631578947368421
10050,0.18315631,0.7368421052631579
10100,0.18144685,0.7631578947368421
10150,0.18179782,0.7631578947368421
10200,0.18152173,0.7631578947368421
10250,0.1797175,0.7631578947368421
10300,0.17815062,0.7631578947368421
10350,0.17771989,0.7368421052631579
10400,0.1751646,0.7631578947368421
10450,0.17649692,0.7631578947368421
10500,0.17544898,0.7631578947368421
10550,0.1741293,0.7368421052631579
10600,0.17062786,0.7368421052631579
10650,0.17174718,0.7368421052631579
10700,0.1713962,0.7631578947368421
10750,0.16976066,0.7368421052631579
10800,0.16867374,0.7368421052631579
10850,0.16737431,0.7368421052631579
10900,0.16693787,0.7368421052631579
10950,0.16485521,0.7368421052631579
11000,0.16651633,0.7631578947368421
11050,0.16323142,0.7368421052631579
11100,0.16350631,0.7368421052631579
11150,0.16197914,0.7368421052631579
11200,0.16313417,0.7368421052631579
11250,0.1602161,0.7368421052631579
11300,0.15804945,0.7368421052631579
11350,0.15780607,0.7368421052631579
11400,0.15842237,0.7368421052631579
11450,0.1562002,0.7368421052631579
11500,0.15658489,0.7368421052631579
11550,0.15465559,0.7631578947368421
11600,0.15346749,0.7368421052631579
11650,0.15238428,0.7368421052631579
11700,0.15310717,0.7631578947368421
11750,0.15255666,0.7368421052631579
11800,0.15094067,0.7631578947368421
11850,0.15077376,0.7368421052631579
11900,0.15084463,0.7368421052631579
11950,0.15123172,0.7368421052631579
12000,0.15085503,0.7631578947368421
12050,0.14949454,0.7368421052631579
12100,0.15132241,0.7368421052631579
12150,0.14768012,0.7368421052631579
12200,0.1485632,0.7368421052631579
12250,0.14743748,0.7368421052631579
12300,0.14601669,0.7631578947368421
12350,0.1463651,0.7368421052631579
12400,0.14576429,0.7368421052631579
12450,0.14467584,0.7368421052631579
12500,0.14301111,0.7631578947368421
12550,0.1416711,0.7368421052631579
12600,0.13970047,0.7368421052631579
12650,0.14262584,0.7368421052631579
12700,0.14035279,0.7368421052631579
12750,0.14083849,0.7368421052631579
12800,0.13990046,0.7368421052631579
12850,0.13884726,0.7368421052631579
12900,0.13905019,0.7368421052631579
12950,0.13536069,0.7368421052631579
13000,0.13886598,0.7368421052631579
13050,0.13656744,0.7105263157894737
13100,0.13463253,0.7368421052631579
13150,0.1360055,0.7105263157894737
13200,0.1350468,0.7105263157894737
13250,0.13280492,0.7368421052631579
13300,0.13166274,0.7105263157894737
13350,0.13472061,0.7105263157894737
13400,0.1335247,0.7105263157894737
13450,0.13440102,0.7368421052631579
13500,0.13215844,0.7105263157894737
13550,0.13232972,0.7105263157894737
13600,0.1286685,0.7105263157894737
13650,0.12846108,0.7368421052631579
13700,0.13080555,0.7368421052631579
13750,0.12973955,0.7368421052631579
13800,0.12698168,0.7105263157894737
13850,0.12734655,0.7105263157894737
13900,0.12644379,0.7105263157894737
13950,0.12831958,0.7105263157894737
14000,0.12793739,0.7368421052631579
14050,0.12659141,0.7105263157894737
14100,0.12483671,0.7105263157894737
14150,0.12438622,0.7105263157894737
14200,0.12735908,0.7105263157894737
14250,0.124049984,0.7105263157894737
14300,0.12660356,0.7105263157894737
14350,0.12301588,0.7105263157894737
14400,0.12559591,0.7105263157894737
14450,0.124956,0.7105263157894737
14500,0.12165573,0.7105263157894737
14550,0.1235567,0.7368421052631579
14600,0.12379018,0.7105263157894737
14650,0.121080786,0.7105263157894737
14700,0.123890944,0.7105263157894737
14750,0.120263524,0.7105263157894737
14800,0.12275212,0.7105263157894737
14850,0.12140629,0.7105263157894737
14900,0.1202968,0.7105263157894737
14950,0.123069495,0.7105263157894737
15000,0.12155656,0.7105263157894737
15050,0.121973515,0.7105263157894737
15100,0.119630165,0.7105263157894737
15150,0.11808928,0.7105263157894737
15200,0.120912395,0.7105263157894737
15250,0.120030195,0.7105263157894737
15300,0.11804787,0.7105263157894737
15350,0.1193632,0.7368421052631579
15400,0.11754964,0.7105263157894737
15450,0.119417176,0.7105263157894737
15500,0.120047465,0.7105263157894737
15550,0.11883826,0.7105263157894737
15600,0.11543075,0.7105263157894737
15650,0.11688057,0.7105263157894737
15700,0.1184721,0.7105263157894737
15750,0.11977027,0.7105263157894737
15800,0.11754778,0.7105263157894737
15850,0.11530153,0.7105263157894737
15900,0.1169445,0.7105263157894737
15950,0.118281454,0.7105263157894737
16000,0.11875004,0.7105263157894737
16050,0.11528499,0.7105263157894737
16100,0.11770514,0.7105263157894737
16150,0.11847699,0.7105263157894737
16200,0.1186994,0.7105263157894737
16250,0.116211854,0.7105263157894737
16300,0.11414381,0.7105263157894737
16350,0.11431572,0.7105263157894737
16400,0.113998875,0.7105263157894737
16450,0.11718508,0.7105263157894737
16500,0.116018005,0.7105263157894737
16550,0.11633408,0.7105263157894737
16600,0.11236593,0.7105263157894737
16650,0.115794934,0.7105263157894737
16700,0.11455664,0.7105263157894737
16750,0.116379656,0.7105263157894737
16800,0.11456941,0.7105263157894737
16850,0.11367418,0.7105263157894737
16900,0.11569238,0.7105263157894737
16950,0.11463943,0.7105263157894737
17000,0.11445076,0.7105263157894737
17050,0.11450659,0.7105263157894737
17100,0.11220113,0.7105263157894737
17150,0.11166889,0.7105263157894737
17200,0.11111808,0.7105263157894737
17250,0.11549054,0.7105263157894737
17300,0.11392476,0.7105263157894737
17350,0.11192584,0.7105263157894737
17400,0.11509865,0.7105263157894737
17450,0.112491235,0.7105263157894737
17500,0.11062577,0.7105263157894737
17550,0.112138644,0.7105263157894737
17600,0.111920565,0.7105263157894737
17650,0.11401936,0.7105263157894737
17700,0.11081137,0.7105263157894737
17750,0.11173528,0.7105263157894737
17800,0.11081844,0.7105263157894737
17850,0.11588124,0.7105263157894737
17900,0.11442396,0.7105263157894737
17950,0.11391328,0.7105263157894737
18000,0.11090527,0.7105263157894737
18050,0.114475526,0.7105263157894737
18100,0.11216283,0.7105263157894737
18150,0.1160466,0.7105263157894737
18200,0.11262063,0.7105263157894737
18250,0.11360264,0.7105263157894737
18300,0.11423508,0.7105263157894737
18350,0.11439247,0.7105263157894737
18400,0.11156017,0.7105263157894737
18450,0.114311725,0.7105263157894737
18500,0.11160987,0.7105263157894737
18550,0.11165448,0.7105263157894737
18600,0.109138355,0.7105263157894737
18650,0.11490961,0.7105263157894737
18700,0.11527099,0.7105263157894737
18750,0.11671366,0.7105263157894737
18800,0.113295704,0.7105263157894737
18850,0.11667996,0.7105263157894737
18900,0.11181404,0.7105263157894737
18950,0.1139418,0.7105263157894737
19000,0.114256874,0.7105263157894737
19050,0.11680041,0.7105263157894737
19100,0.11146806,0.7105263157894737
19150,0.112724274,0.7105263157894737
19200,0.112232275,0.7105263157894737
19250,0.11474916,0.7105263157894737
19300,0.11700663,0.7105263157894737
19350,0.11396457,0.7105263157894737
19400,0.11377324,0.7105263157894737
19450,0.11677083,0.7105263157894737
19500,0.109238155,0.7105263157894737
19550,0.11600579,0.7105263157894737
19600,0.11485311,0.7105263157894737
19650,0.11156932,0.7105263157894737
19700,0.11130708,0.7105263157894737
19750,0.110317975,0.7105263157894737
19800,0.115717396,0.7105263157894737
19850,0.10818881,0.7105263157894737
19900,0.11498812,0.7105263157894737
19950,0.115760714,0.7105263157894737
20000,0.109953284,0.7105263157894737
20050,0.11479436,0.7105263157894737
20100,0.11045384,0.7105263157894737
20150,0.116176195,0.7105263157894737
20200,0.11361873,0.7105263157894737
20250,0.11494364,0.7105263157894737
20300,0.11612516,0.7105263157894737
20350,0.10984329,0.7105263157894737
20400,0.11023599,0.7105263157894737
20450,0.11116007,0.7105263157894737
20500,0.11041835,0.7105263157894737
20550,0.10990428,0.7105263157894737
20600,0.11002699,0.7105263157894737
20650,0.11016413,0.7105263157894737
20700,0.10850653,0.7105263157894737
20750,0.11476706,0.7105263157894737
20800,0.115539856,0.7105263157894737
20850,0.111613765,0.7105263157894737
20900,0.10917087,0.7105263157894737
20950,0.117765754,0.7105263157894737
21000,0.11304303,0.7105263157894737
21050,0.11508891,0.7105263157894737
21100,0.112805076,0.6842105263157895
21150,0.11174154,0.6842105263157895
21200,0.108358756,0.7105263157894737
21250,0.11180075,0.6842105263157895
21300,0.115421735,0.6842105263157895
21350,0.11067314,0.6842105263157895
21400,0.11465997,0.7105263157894737
21450,0.11265421,0.6842105263157895
21500,0.114770144,0.6842105263157895
21550,0.11313295,0.7105263157894737
21600,0.11647464,0.6578947368421053
21650,0.11698861,0.7105263157894737
21700,0.11000653,0.7105263157894737
21750,0.10981275,0.6578947368421053
21800,0.12104026,0.6578947368421053
21850,0.11373697,0.6578947368421053
21900,0.114998974,0.6578947368421053
21950,0.11347025,0.6578947368421053
22000,0.116386145,0.6578947368421053
22050,0.11196355,0.6578947368421053
22100,0.11187002,0.7105263157894737
22150,0.11343384,0.6578947368421053
22200,0.11991721,0.6578947368421053
22250,0.116581574,0.6578947368421053
22300,0.11425683,0.7105263157894737
22350,0.111593686,0.6578947368421053
22400,0.10940175,0.6578947368421053
22450,0.113887995,0.7105263157894737
22500,0.11601332,0.6578947368421053
22550,0.11300356,0.6578947368421053
22600,0.1137611,0.6578947368421053
22650,0.11030711,0.7105263157894737
22700,0.11206618,0.6578947368421053
22750,0.11615115,0.6578947368421053
22800,0.1122849,0.6578947368421053
22850,0.11201033,0.6578947368421053
22900,0.1171649,0.6578947368421053
22950,0.113965034,0.6578947368421053
23000,0.11260319,0.7105263157894737
23050,0.114877395,0.6578947368421053
23100,0.10915999,0.7105263157894737
23150,0.111767665,0.7105263157894737
23200,0.11569745,0.6578947368421053
23250,0.11419545,0.7105263157894737
23300,0.11549771,0.6578947368421053
23350,0.11310555,0.6578947368421053
23400,0.1163077,0.6578947368421053
23450,0.12120541,0.6578947368421053
23500,0.1183338,0.6578947368421053
23550,0.11425474,0.6578947368421053
23600,0.11104762,0.7105263157894737
23650,0.112792864,0.6578947368421053
23700,0.11181936,0.6578947368421053
23750,0.11706229,0.6578947368421053
23800,0.10920593,0.7105263157894737
23850,0.11683435,0.6578947368421053
23900,0.115985006,0.6578947368421053
23950,0.11241017,0.7105263157894737
24000,0.11404386,0.6578947368421053
24050,0.110294044,0.6578947368421053
24100,0.11584306,0.6578947368421053
24150,0.11271889,0.6578947368421053
24200,0.11901942,0.6578947368421053
24250,0.113829054,0.6578947368421053
24300,0.109851025,0.6578947368421053
24350,0.11337684,0.6578947368421053
24400,0.11426512,0.6578947368421053
24450,0.110047586,0.7105263157894737
24500,0.113419265,0.7105263157894737
24550,0.113436155,0.6578947368421053
24600,0.10951316,0.7105263157894737
24650,0.11088925,0.6578947368421053
24700,0.110531844,0.6578947368421053
24750,0.11006834,0.6578947368421053
24800,0.11176336,0.6578947368421053
24850,0.11506585,0.6578947368421053
24900,0.11590658,0.6578947368421053
24950,0.113218874,0.6578947368421053
25000,0.110382125,0.7105263157894737
25050,0.110373296,0.6578947368421053
25100,0.115492,0.7105263157894737
25150,0.115172416,0.6578947368421053
25200,0.11170888,0.6578947368421053
25250,0.1084049,0.7105263157894737
25300,0.11945115,0.6578947368421053
25350,0.11035388,0.6578947368421053
25400,0.11050035,0.6578947368421053
25450,0.11005646,0.6578947368421053
25500,0.11094975,0.6578947368421053
25550,0.11428188,0.6578947368421053
25600,0.11318159,0.6578947368421053
25650,0.115058504,0.6578947368421053
25700,0.11154529,0.7105263157894737
25750,0.11235665,0.6578947368421053
25800,0.11545176,0.6578947368421053
25850,0.1149361,0.6578947368421053
25900,0.10830789,0.6578947368421053
25950,0.11191514,0.6578947368421053
26000,0.11242734,0.6578947368421053
26050,0.115092844,0.6578947368421053
26100,0.11745265,0.6578947368421053
26150,0.110663585,0.6578947368421053
26200,0.114516824,0.6578947368421053
26250,0.11379576,0.6578947368421053
26300,0.10902325,0.7105263157894737
26350,0.10919713,0.6578947368421053
26400,0.11469379,0.6578947368421053
26450,0.11447811,0.6578947368421053
26500,0.111915216,0.7105263157894737
26550,0.11666434,0.6578947368421053
26600,0.110709526,0.7105263157894737
26650,0.113769956,0.6578947368421053
26700,0.11138344,0.7105263157894737
26750,0.115777664,0.6578947368421053
26800,0.113708295,0.6578947368421053
26850,0.10613999,0.6578947368421053
26900,0.115195066,0.6578947368421053
26950,0.1129202,0.6578947368421053
27000,0.111700855,0.6578947368421053
27050,0.110361226,0.6578947368421053
27100,0.11097176,0.6578947368421053
27150,0.11189894,0.6578947368421053
27200,0.1080814,0.7105263157894737
27250,0.11131109,0.6578947368421053
27300,0.109796144,0.6578947368421053
27350,0.11366114,0.6578947368421053
27400,0.10946784,0.7105263157894737
27450,0.11032274,0.6578947368421053
27500,0.107063115,0.7105263157894737
27550,0.10959661,0.6578947368421053
27600,0.11138002,0.6578947368421053
27650,0.110093035,0.6578947368421053
27700,0.11035678,0.6578947368421053
27750,0.10966346,0.6578947368421053
27800,0.11381756,0.6578947368421053
27850,0.11198568,0.6578947368421053
27900,0.10784575,0.7105263157894737
27950,0.108399175,0.6578947368421053
28000,0.106259845,0.6578947368421053
28050,0.11196073,0.6578947368421053
28100,0.11560803,0.6578947368421053
28150,0.10827494,0.6578947368421053
28200,0.109139234,0.6578947368421053
28250,0.109502286,0.6578947368421053
28300,0.10688591,0.6842105263157895
28350,0.110271335,0.7105263157894737
28400,0.10868088,0.6578947368421053
28450,0.11110267,0.7105263157894737
28500,0.10752033,0.6578947368421053
28550,0.10812515,0.6578947368421053
28600,0.10962798,0.7105263157894737
28650,0.107986875,0.6578947368421053
28700,0.106164575,0.7105263157894737
28750,0.10830286,0.6578947368421053
28800,0.107985735,0.6578947368421053
28850,0.107921645,0.7105263157894737
28900,0.105403036,0.6842105263157895
28950,0.11235534,0.7105263157894737
29000,0.10935679,0.6578947368421053
29050,0.108167075,0.6842105263157895
29100,0.1101295,0.6578947368421053
29150,0.10683678,0.6578947368421053
29200,0.10934071,0.6578947368421053
29250,0.1104093,0.7105263157894737
29300,0.103544764,0.6842105263157895
29350,0.10593817,0.6578947368421053
29400,0.11041482,0.6578947368421053
29450,0.10724165,0.7105263157894737
29500,0.108646095,0.6842105263157895
29550,0.10742244,0.7105263157894737
29600,0.106669694,0.7105263157894737
29650,0.10611838,0.7105263157894737
29700,0.10620375,0.6578947368421053
29750,0.10661381,0.7105263157894737
29800,0.10376857,0.7105263157894737
29850,0.107358515,0.7105263157894737
29900,0.105972596,0.6842105263157895
29950,0.10655196,0.7105263157894737
30000,0.10407877,0.6842105263157895
30050,0.107969895,0.6842105263157895
30100,0.10564621,0.7105263157894737
30150,0.10761228,0.6842105263157895
30200,0.1009482,0.7105263157894737
30250,0.107306205,0.6842105263157895
30300,0.10262984,0.7105263157894737
30350,0.10294522,0.7105263157894737
30400,0.10609298,0.7105263157894737
30450,0.10325386,0.7105263157894737
30500,0.104817,0.7105263157894737
30550,0.106308095,0.7105263157894737
30600,0.102702275,0.7105263157894737
30650,0.10658338,0.7105263157894737
30700,0.10449853,0.7105263157894737
30750,0.10312026,0.7105263157894737
30800,0.101388104,0.7105263157894737
30850,0.1007066,0.7105263157894737
30900,0.09959239,0.7105263157894737
30950,0.10314648,0.7105263157894737
31000,0.10232089,0.7105263157894737
31050,0.10238396,0.7105263157894737
31100,0.10131556,0.7105263157894737
31150,0.10125682,0.7105263157894737
31200,0.10265349,0.7105263157894737
31250,0.10112434,0.7105263157894737
31300,0.101087466,0.7105263157894737
31350,0.10306098,0.7105263157894737
31400,0.1027915,0.7105263157894737
31450,0.09750386,0.7105263157894737
31500,0.09795738,0.7105263157894737
31550,0.09931196,0.7105263157894737
31600,0.09680713,0.7105263157894737
31650,0.101392396,0.7105263157894737
31700,0.0993725,0.7105263157894737
31750,0.100354694,0.7105263157894737
31800,0.10272392,0.7105263157894737
31850,0.09781555,0.7105263157894737
31900,0.09654228,0.7105263157894737
31950,0.09847551,0.7105263157894737
32000,0.09657811,0.7105263157894737
32050,0.09635648,0.7105263157894737
32100,0.09470042,0.7105263157894737
32150,0.09625307,0.7105263157894737
32200,0.09729699,0.7105263157894737
32250,0.095358156,0.7105263157894737
32300,0.09464483,0.7105263157894737
32350,0.095716886,0.7105263157894737
32400,0.09560536,0.7105263157894737
32450,0.09559276,0.7105263157894737
32500,0.095606536,0.7105263157894737
32550,0.09779844,0.7105263157894737
32600,0.09371351,0.7105263157894737
32650,0.0956529,0.7105263157894737
32700,0.09387097,0.7105263157894737
32750,0.09239195,0.7105263157894737
32800,0.09375158,0.7105263157894737
32850,0.09202256,0.7105263157894737
32900,0.09337199,0.7105263157894737
32950,0.09316993,0.7105263157894737
33000,0.09065148,0.7368421052631579
33050,0.09288056,0.7368421052631579
33100,0.09435521,0.7368421052631579
33150,0.091817036,0.7368421052631579
33200,0.093652084,0.7368421052631579
33250,0.09044371,0.7368421052631579
33300,0.093326405,0.7368421052631579
33350,0.09036737,0.7368421052631579
33400,0.090601295,0.7631578947368421
33450,0.08970615,0.7631578947368421
33500,0.09302791,0.7631578947368421
33550,0.091334485,0.7631578947368421
33600,0.09091142,0.7368421052631579
33650,0.08836266,0.7368421052631579
33700,0.09209699,0.7368421052631579
33750,0.08950661,0.7631578947368421
33800,0.08956437,0.7368421052631579
33850,0.0889438,0.7368421052631579
33900,0.08974707,0.7631578947368421
33950,0.089218244,0.7368421052631579
34000,0.08704093,0.7368421052631579
34050,0.08812581,0.7631578947368421
34100,0.08875592,0.7368421052631579
34150,0.088712834,0.7631578947368421
34200,0.089586064,0.7368421052631579
34250,0.08695918,0.7631578947368421
34300,0.08722035,0.7368421052631579
34350,0.08809194,0.7631578947368421
34400,0.08727777,0.7368421052631579
34450,0.087142274,0.7631578947368421
34500,0.086696796,0.7368421052631579
34550,0.08604023,0.7368421052631579
34600,0.08477185,0.7631578947368421
34650,0.08863853,0.7368421052631579
34700,0.085299805,0.7368421052631579
34750,0.0854313,0.7631578947368421
34800,0.08434745,0.7368421052631579
34850,0.08425507,0.7368421052631579
34900,0.08416158,0.7631578947368421
34950,0.0856417,0.7368421052631579
35000,0.081528954,0.7631578947368421
35050,0.08394757,0.7631578947368421
35100,0.08065143,0.7631578947368421
35150,0.08249411,0.7631578947368421
35200,0.0835777,0.7631578947368421
35250,0.08181462,0.7631578947368421
35300,0.08420106,0.7631578947368421
35350,0.08333617,0.7631578947368421
35400,0.08268109,0.7631578947368421
35450,0.08228645,0.7631578947368421
35500,0.078994915,0.7631578947368421
35550,0.081463225,0.7631578947368421
35600,0.080132164,0.7631578947368421
35650,0.07736416,0.7631578947368421
35700,0.07980258,0.7631578947368421
35750,0.0808216,0.7631578947368421
35800,0.07982976,0.7631578947368421
35850,0.07960364,0.7631578947368421
35900,0.080133416,0.7631578947368421
35950,0.08003039,0.7631578947368421
36000,0.07937211,0.7631578947368421
36050,0.079339825,0.7631578947368421
36100,0.075944655,0.7631578947368421
36150,0.076349884,0.7631578947368421
36200,0.07641586,0.7631578947368421
36250,0.07588098,0.7631578947368421
36300,0.08023156,0.7631578947368421
36350,0.077756815,0.7631578947368421
36400,0.07697553,0.7631578947368421
36450,0.07803342,0.7631578947368421
36500,0.07743784,0.7631578947368421
36550,0.07483628,0.7631578947368421
36600,0.0747376,0.7631578947368421
36650,0.072824955,0.7631578947368421
36700,0.07549861,0.7631578947368421
36750,0.0728673,0.7631578947368421
36800,0.0757636,0.7631578947368421
36850,0.07442014,0.7368421052631579
36900,0.074217804,0.7631578947368421
36950,0.07352412,0.7631578947368421
37000,0.07193425,0.7631578947368421
37050,0.07275052,0.7631578947368421
37100,0.07331372,0.7631578947368421
37150,0.07305765,0.7631578947368421
37200,0.070987254,0.7631578947368421
37250,0.07238062,0.7631578947368421
37300,0.07157943,0.7631578947368421
37350,0.07191053,0.7631578947368421
37400,0.072695814,0.7631578947368421
37450,0.072511755,0.7631578947368421
37500,0.073763475,0.7631578947368421
37550,0.072444096,0.7631578947368421
37600,0.07016032,0.7631578947368421
37650,0.070912525,0.7368421052631579
37700,0.070168965,0.7368421052631579
37750,0.071671925,0.7368421052631579
37800,0.070589066,0.7631578947368421
37850,0.070504576,0.7631578947368421
37900,0.07090426,0.7631578947368421
37950,0.06988667,0.7631578947368421
38000,0.066965595,0.7631578947368421
38050,0.06920846,0.7368421052631579
38100,0.0684441,0.7368421052631579
38150,0.06773656,0.7631578947368421
38200,0.07037623,0.7631578947368421
38250,0.067879535,0.7631578947368421
38300,0.070733294,0.7631578947368421
38350,0.0652103,0.7631578947368421
38400,0.06633837,0.7631578947368421
38450,0.06698936,0.7368421052631579
38500,0.06678322,0.7368421052631579
38550,0.068911105,0.7631578947368421
38600,0.06876924,0.7368421052631579
38650,0.067610376,0.7368421052631579
38700,0.066508494,0.7631578947368421
38750,0.06764808,0.7368421052631579
38800,0.06579111,0.7631578947368421
38850,0.06680249,0.7631578947368421
38900,0.065666735,0.7368421052631579
38950,0.0653296,0.7631578947368421
39000,0.06447547,0.7631578947368421
39050,0.066430226,0.7631578947368421
39100,0.06513769,0.7631578947368421
39150,0.06581418,0.7631578947368421
39200,0.0643408,0.7631578947368421
39250,0.06723589,0.7631578947368421
39300,0.064210266,0.7631578947368421
39350,0.06587204,0.7631578947368421
39400,0.06555418,0.7631578947368421
39450,0.065297335,0.7631578947368421
39500,0.06332653,0.7631578947368421
39550,0.062215593,0.7631578947368421
39600,0.06356606,0.7631578947368421
39650,0.062949196,0.7631578947368421
39700,0.062514216,0.7631578947368421
39750,0.06274497,0.7631578947368421
39800,0.063051686,0.7631578947368421
39850,0.061744478,0.7631578947368421
39900,0.062139675,0.7631578947368421
39950,0.061865076,0.7631578947368421
40000,0.060696825,0.7631578947368421
40050,0.062189102,0.7631578947368421
40100,0.06151132,0.7631578947368421
40150,0.059624474,0.7631578947368421
40200,0.061609823,0.7631578947368421
40250,0.06083049,0.7631578947368421
40300,0.06150037,0.7631578947368421
40350,0.06123607,0.7631578947368421
40400,0.06024383,0.7631578947368421
40450,0.05923293,0.7631578947368421
40500,0.06117899,0.7631578947368421
40550,0.060245257,0.7631578947368421
40600,0.05719914,0.7631578947368421
40650,0.057839077,0.7631578947368421
40700,0.05801691,0.7631578947368421
40750,0.059198573,0.7631578947368421
40800,0.057563636,0.7631578947368421
40850,0.060228545,0.7631578947368421
40900,0.058440037,0.7631578947368421
40950,0.059406713,0.7631578947368421
41000,0.05616786,0.7631578947368421
41050,0.058237944,0.7631578947368421
41100,0.057133283,0.7631578947368421
41150,0.056906328,0.7631578947368421
41200,0.060158756,0.7631578947368421
41250,0.057923105,0.7631578947368421
41300,0.057922285,0.7631578947368421
41350,0.056375682,0.7631578947368421
41400,0.05557547,0.7631578947368421
41450,0.055132754,0.7631578947368421
41500,0.056564026,0.7631578947368421
41550,0.05481754,0.7631578947368421
41600,0.05335812,0.7631578947368421
41650,0.0571983,0.7631578947368421
41700,0.054619092,0.7631578947368421
41750,0.05581669,0.7631578947368421
41800,0.055647347,0.7631578947368421
41850,0.054273643,0.7631578947368421
41900,0.056258902,0.7631578947368421
41950,0.05523226,0.7631578947368421
42000,0.0537785,0.7631578947368421
42050,0.053409994,0.7631578947368421
42100,0.055279274,0.7631578947368421
42150,0.054999232,0.7631578947368421
42200,0.05304255,0.7631578947368421
42250,0.054717496,0.7631578947368421
42300,0.053543165,0.7631578947368421
42350,0.053443506,0.7631578947368421
42400,0.053499177,0.7631578947368421
42450,0.05142637,0.7631578947368421
42500,0.052821416,0.7631578947368421
42550,0.05204223,0.7631578947368421
42600,0.053707734,0.7631578947368421
42650,0.052671585,0.7631578947368421
42700,0.051469535,0.7631578947368421
42750,0.04935003,0.7631578947368421
42800,0.050986517,0.7631578947368421
42850,0.04943825,0.7631578947368421
42900,0.05043874,0.7631578947368421
42950,0.049712937,0.7894736842105263
43000,0.049073808,0.7631578947368421
43050,0.05144276,0.7631578947368421
43100,0.049930826,0.7631578947368421
43150,0.05050676,0.7631578947368421
43200,0.04974247,0.7631578947368421
43250,0.048753075,0.7894736842105263
43300,0.049787994,0.7631578947368421
43350,0.050124094,0.7894736842105263
43400,0.048774954,0.7631578947368421
43450,0.05222951,0.7894736842105263
43500,0.047429916,0.7631578947368421
43550,0.04975741,0.7894736842105263
43600,0.049228847,0.7631578947368421
43650,0.05078648,0.7894736842105263
43700,0.047735993,0.7894736842105263
43750,0.047917787,0.7631578947368421
43800,0.049514644,0.7894736842105263
43850,0.049526617,0.7631578947368421
43900,0.046259005,0.7894736842105263
43950,0.048047006,0.7894736842105263
44000,0.0475723,0.7631578947368421
44050,0.047557212,0.7894736842105263
44100,0.046272285,0.7894736842105263
44150,0.0478509,0.7894736842105263
44200,0.0453735,0.7631578947368421
44250,0.04540392,0.7631578947368421
44300,0.04804738,0.7894736842105263
44350,0.04411691,0.7894736842105263
44400,0.04656585,0.7631578947368421
44450,0.04655776,0.7631578947368421
44500,0.0467996,0.7894736842105263
44550,0.046835855,0.7894736842105263
44600,0.043290988,0.7894736842105263
44650,0.044438303,0.7894736842105263
44700,0.045780268,0.7894736842105263
44750,0.045177087,0.7894736842105263
44800,0.045424864,0.7894736842105263
44850,0.043816615,0.7894736842105263
44900,0.044052802,0.7894736842105263
44950,0.044880226,0.7894736842105263
45000,0.043413594,0.7894736842105263
45050,0.043568455,0.7894736842105263
45100,0.044282388,0.7894736842105263
45150,0.042788964,0.7894736842105263
45200,0.044283036,0.7894736842105263
45250,0.04403429,0.7894736842105263
45300,0.042388078,0.7894736842105263
45350,0.042346943,0.7894736842105263
45400,0.0427807,0.7894736842105263
45450,0.04279055,0.7894736842105263
45500,0.04192489,0.7894736842105263
45550,0.041355167,0.7894736842105263
45600,0.041393187,0.7894736842105263
45650,0.041561898,0.7894736842105263
45700,0.04156585,0.7894736842105263
45750,0.041392498,0.7894736842105263
45800,0.040868577,0.7894736842105263
45850,0.041768044,0.7894736842105263
45900,0.041330367,0.7894736842105263
45950,0.043282207,0.7894736842105263
46000,0.039129507,0.7894736842105263
46050,0.041153654,0.7894736842105263
46100,0.040543564,0.7894736842105263
46150,0.04041513,0.7894736842105263
46200,0.040493462,0.7894736842105263
46250,0.03888039,0.7894736842105263
46300,0.04148762,0.7894736842105263
46350,0.0397314,0.7894736842105263
46400,0.038863685,0.7894736842105263
46450,0.03774437,0.7894736842105263
46500,0.03763326,0.7894736842105263
46550,0.038582325,0.7894736842105263
46600,0.038008004,0.7894736842105263
46650,0.039354637,0.7894736842105263
46700,0.039648578,0.7894736842105263
46750,0.0380768,0.7894736842105263
46800,0.038557686,0.7894736842105263
46850,0.03887157,0.7894736842105263
46900,0.03902837,0.7894736842105263
46950,0.037847836,0.7894736842105263
47000,0.0383989,0.7894736842105263
47050,0.037961982,0.7894736842105263
47100,0.037533164,0.7894736842105263
47150,0.036136992,0.7894736842105263
47200,0.037469678,0.7894736842105263
47250,0.03690699,0.7894736842105263
47300,0.038409486,0.7894736842105263
47350,0.035633586,0.7894736842105263
47400,0.03612046,0.7894736842105263
47450,0.036549184,0.7894736842105263
47500,0.035086587,0.7894736842105263
47550,0.037081793,0.7894736842105263
47600,0.03505929,0.7894736842105263
47650,0.037273757,0.7894736842105263
47700,0.035378292,0.7894736842105263
47750,0.0354477,0.7894736842105263
47800,0.034538973,0.7894736842105263
47850,0.03498389,0.7894736842105263
47900,0.034991395,0.7894736842105263
47950,0.034958415,0.7894736842105263
48000,0.034173913,0.7894736842105263
48050,0.03445426,0.7894736842105263
48100,0.03413649,0.7894736842105263
48150,0.033379376,0.7894736842105263
48200,0.034387097,0.7894736842105263
48250,0.03413464,0.7894736842105263
48300,0.033601042,0.7894736842105263
48350,0.032354508,0.7894736842105263
48400,0.03233157,0.7894736842105263
48450,0.032962985,0.7894736842105263
48500,0.03175363,0.7894736842105263
48550,0.03283435,0.7894736842105263
48600,0.032413904,0.7894736842105263
48650,0.032813203,0.7894736842105263
48700,0.033056535,0.7894736842105263
48750,0.03172958,0.7894736842105263
48800,0.033104982,0.7894736842105263
48850,0.030519383,0.7894736842105263
48900,0.031051546,0.7894736842105263
48950,0.031154215,0.7894736842105263
49000,0.032585863,0.7894736842105263
49050,0.031259954,0.7894736842105263
49100,0.030745374,0.7894736842105263
49150,0.030899158,0.7894736842105263
49200,0.03032682,0.7894736842105263
49250,0.029484212,0.7894736842105263
49300,0.029944807,0.7894736842105263
49350,0.03025903,0.7894736842105263
49400,0.0302279,0.7894736842105263
49450,0.030802999,0.7894736842105263
49500,0.030148957,0.7894736842105263
49550,0.029863425,0.7894736842105263
49600,0.029904753,0.7894736842105263
49650,0.02911944,0.7894736842105263
49700,0.029417299,0.7894736842105263
49750,0.029660122,0.7894736842105263
49800,0.028806081,0.7894736842105263
49850,0.028085431,0.7894736842105263
49900,0.027885722,0.7894736842105263
49950,0.02846444,0.7894736842105263
